{"r2": 0.5554115487254865, "mae": 33.24032730263158, "feature_importance": {"_type": "image-file", "sha256": "cb10a8a40e2a62cdf6cc9867f38cac85a1359899de5408bcd036d6b9a2ec8276", "size": 33300, "path": "media/images/feature_importance_0_cb10a8a40e2a62cdf6cc.png", "format": "png", "width": 1000, "height": 1000}, "_timestamp": 1675984007.359979, "_runtime": 112.65738201141357, "_step": 0, "_wandb": {"runtime": 112}}