{"r2": 0.5594017759801301, "mae": 32.99974835526316, "feature_importance": {"_type": "image-file", "sha256": "1c14b61c2833c24d44bc0c013a7de1223be090beb098d46177c2161321f5a2f8", "size": 33871, "path": "media/images/feature_importance_0_1c14b61c2833c24d44bc.png", "format": "png", "width": 1000, "height": 1000}, "_timestamp": 1675983527.903755, "_runtime": 55.06635594367981, "_step": 0, "_wandb": {"runtime": 54}}