{"r2": 0.5563972513157811, "mae": 33.09172532894737, "feature_importance": {"_type": "image-file", "sha256": "381ff7e5e9f0f3d31b4d69c85c0ff2841fb8400aeabbb03829ff4c33e74f3f57", "size": 33858, "path": "media/images/feature_importance_0_381ff7e5e9f0f3d31b4d.png", "format": "png", "width": 1000, "height": 1000}, "_timestamp": 1675983781.412534, "_runtime": 56.177308082580566, "_step": 0, "_wandb": {"runtime": 55}}