{"r2": 0.558762446113769, "mae": 33.023942434210525, "feature_importance": {"_type": "image-file", "sha256": "cb95939eb64db50bdc6c0b9694dbbdb9f47458a03b563ffae7f92ad04227db49", "size": 33842, "path": "media/images/feature_importance_0_cb95939eb64db50bdc6c.png", "format": "png", "width": 1000, "height": 1000}, "_timestamp": 1675983876.7875981, "_runtime": 78.18654918670654, "_step": 0, "_wandb": {"runtime": 77}}