{"r2": 0.48375819537528686, "mae": 35.938315789473684, "feature_importance": {"_type": "image-file", "sha256": "2f4b68aeb4d492f9dd8c8f1ba4843d2ca2bc69c7404aed006e9af5d3cd82acb6", "size": 33345, "path": "media/images/feature_importance_0_2f4b68aeb4d492f9dd8c.png", "format": "png", "width": 1000, "height": 1000}, "_timestamp": 1675983398.6546519, "_runtime": 19.134278774261475, "_step": 0, "_wandb": {"runtime": 18}}