{"r2": 0.44752578751040883, "mae": 37.535281250000004, "feature_importance": {"_type": "image-file", "sha256": "cab8b45468d48ca39406508b9c0f62be7bcda58501f40001ad753ccbd022d946", "size": 33343, "path": "media/images/feature_importance_0_cab8b45468d48ca39406.png", "format": "png", "width": 1000, "height": 1000}, "_timestamp": 1675983361.8730721, "_runtime": 15.797368049621582, "_step": 0, "_wandb": {"runtime": 15}}