{"r2": 0.5596907842494536, "mae": 33.17286513157895, "feature_importance": {"_type": "image-file", "sha256": "728fad55e8339e694e054a4587ce23956ecad76a55a3bf4bb327c23da04d0a45", "size": 33298, "path": "media/images/feature_importance_0_728fad55e8339e694e05.png", "format": "png", "width": 1000, "height": 1000}, "_timestamp": 1675983329.023272, "_runtime": 69.05400896072388, "_step": 0, "_wandb": {"runtime": 68}}