{"r2": 0.4085421825864888, "mae": 38.97346217105263, "feature_importance": {"_type": "image-file", "sha256": "78620bdaf739d7da399aed0a189d9f08ab3db95c24b88956412b58f08bc5f408", "size": 33354, "path": "media/images/feature_importance_0_78620bdaf739d7da399a.png", "format": "png", "width": 1000, "height": 1000}, "_timestamp": 1675983665.736685, "_runtime": 17.247724056243896, "_step": 0, "_wandb": {"runtime": 16}}