{"r2": 0.5043727837725891, "mae": 35.06553453947369, "feature_importance": {"_type": "image-file", "sha256": "280a55dbebd2b2756f26b930410d916004c07c4294f0b15cbc47578c27263503", "size": 33873, "path": "media/images/feature_importance_0_280a55dbebd2b2756f26.png", "format": "png", "width": 1000, "height": 1000}, "_timestamp": 1675983707.230676, "_runtime": 26.42243194580078, "_step": 0, "_wandb": {"runtime": 25}}