{"r2": 0.5572158227107591, "mae": 33.13332236842105, "feature_importance": {"_type": "image-file", "sha256": "6dbde9673d718dfdc381f55dc8f1f14add18659101d7f76671ace9574ddf5b17", "size": 33324, "path": "media/images/feature_importance_0_6dbde9673d718dfdc381.png", "format": "png", "width": 1000, "height": 1000}, "_timestamp": 1675983181.031457, "_runtime": 29.811498880386353, "_step": 0, "_wandb": {"runtime": 29}}