{"r2": 0.5603328370668457, "mae": 33.064509868421055, "feature_importance": {"_type": "image-file", "sha256": "855a45dbf10ee794f4c71f69e950687016f743c3cd21f64b3fac4e4d20d1b465", "size": 33303, "path": "media/images/feature_importance_0_855a45dbf10ee794f4c7.png", "format": "png", "width": 1000, "height": 1000}, "_timestamp": 1675983242.874953, "_runtime": 43.8329291343689, "_step": 0, "_wandb": {"runtime": 43}}