{"r2": 0.5547952992267535, "mae": 33.12865789473684, "feature_importance": {"_type": "image-file", "sha256": "1206c1d9b5b442c4a72c185292f01abe70137604a5b3deebe63c3eed805f873d", "size": 33857, "path": "media/images/feature_importance_0_1206c1d9b5b442c4a72c.png", "format": "png", "width": 1000, "height": 1000}, "_timestamp": 1675983455.604459, "_runtime": 40.47392511367798, "_step": 0, "_wandb": {"runtime": 40}}